"","season","RMSE_O6","RMSE_O10","RMSE_O15","RMSE_O26","RMSE_O30","RMSE_O35","R2_O6","R2_O10","R2_O15","R2_O26","R2_O30","R2_O35","matWinModPer_O26","matWinEOIPer_O26","matWinModPer_O30","matWinEOIPer_O30","matWinModPer_O35","matWinEOIPer_O35"
"1",2015,21.5366710073057,17.3218373181635,11.6238819975216,19.476135051351,19.6936414474708,14.8490720378283,0.33396062067094,0.56914546278157,0.805980605599718,0.410439819995988,0.397198059938876,0.657294387951296,78.8461538461538,80.7692307692308,78.8461538461538,82.6923076923077,76.9230769230769,75
"2",2016,25.2707358663746,19.5017020399795,14.149301203996,19.5348312400939,17.4203154744129,14.4279522808174,0.161476515780378,0.500627656055887,0.737124908523352,0.37851273451457,0.505774740647989,0.660982356143344,78.9473684210526,75.4385964912281,78.9473684210526,71.9298245614035,84.2105263157895,68.4210526315789
"3",2017,19.1835441791325,16.2884349937449,11.6220189139565,18.8917639101372,16.9930973151935,14.1753521681442,0.387828495242746,0.558659142000543,0.775312675489391,0.552125789449667,0.637626754586109,0.747838516473487,72.7272727272727,70.9090909090909,78.1818181818182,76.3636363636364,76.3636363636364,76.3636363636364
