"","season","RMSE_O6","RMSE_O10","RMSE_O15","RMSE_O26","RMSE_O30","RMSE_O35","R2_O6","R2_O10","R2_O15","R2_O26","R2_O30","R2_O35","matWinModPer_O26","matWinEOIPer_O26","matWinModPer_O30","matWinEOIPer_O30","matWinModPer_O35","matWinEOIPer_O35"
"1",2015,21.5790970795636,17.3218373181635,11.6773949116692,18.5559327543677,21.1449826745659,14.4967665492901,0.331333913170007,0.56914546278157,0.804190077740528,0.464834426543292,0.305076088769637,0.673363375770733,78.8461538461538,67.3076923076923,78.8461538461538,73.0769230769231,76.9230769230769,71.1538461538462
"2",2016,25.342164538744,19.4173067585179,13.8362121502479,21.3125131270217,18.4483305002272,15.6672322033051,0.156729581086663,0.504940456764907,0.748629749369747,0.260254666180779,0.445722757813142,0.600241720786056,78.9473684210526,52.6315789473684,77.1929824561404,57.8947368421053,84.2105263157895,59.6491228070175
"3",2017,18.4340199335113,16.2638512715106,11.7775268278963,20.0895631881559,18.747209004397,15.9534163340418,0.434730539580728,0.559990345815145,0.769259610467169,0.493531984119741,0.558953602719723,0.680612117824222,72.7272727272727,56.3636363636364,76.3636363636364,63.6363636363636,76.3636363636364,76.3636363636364
