"","season","RMSE_O6","RMSE_O10","RMSE_O15","RMSE_O26","RMSE_O30","RMSE_O35","R2_O6","R2_O10","R2_O15","R2_O26","R2_O30","R2_O35","matWinModPer_O26","matWinEOIPer_O26","matWinModPer_O30","matWinEOIPer_O30","matWinModPer_O35","matWinEOIPer_O35"
"1",2015,21.5366710073057,17.3218373181635,11.6238819975216,19.476135051351,19.6936414474708,14.8490720378283,0.33396062067094,0.56914546278157,0.805980605599718,0.410439819995988,0.397198059938876,0.657294387951296,78.8461538461538,80.7692307692308,78.8461538461538,82.6923076923077,76.9230769230769,75
"2",2016,25.0662077692224,19.4173067585179,14.1488045493405,19.4587045420845,17.3514910123274,14.3921933639234,0.174994728423271,0.504940456764907,0.737143362557903,0.383347133794359,0.509672212492205,0.662660748271154,78.9473684210526,73.6842105263158,77.1929824561404,71.9298245614035,84.2105263157895,68.4210526315789
"3",2017,18.7305468055891,16.0759129247342,11.652143540607,18.6705051302364,16.8509618284968,14.2188882061215,0.416398594490142,0.570100730222834,0.774146373136774,0.562555286574792,0.643663404672812,0.746287236469837,72.7272727272727,70.9090909090909,76.3636363636364,76.3636363636364,76.3636363636364,78.1818181818182
